OwnerID,FirstName,LastName,Email,Phone,AddressID
1,Brittany,Morgan,brittany.morgan@foxmail.com,(938) 500-4018,266
2,Victoria,Morris,victoria.morris@gmail.com,(240) 534-7537,267
3,Stephanie,Bell,stephanie.bell@foxmail.com,(173) 848-9096,268
4,Thomas,Cooper,thomas.cooper@foxmail.com,(180) 792-2862,269
5,Robert,Gonzalez,robert.gonzalez@gmail.com,(497) 111-5168,270
6,Katherine,Carter,katherine.carter@foxmail.com,(239) 738-4748,271
7,Christopher,Adams,christopher.adams@gmail.com,(871) 881-4535,272
8,Victoria,Hernandez,victoria.hernandez@foxmail.com,(127) 944-4855,273
9,Andrew,Torres,andrew.torres@gmail.com,(356) 472-9250,274
10,Justin,Evans,justin.evans@gmail.com,(162) 912-2669,275
11,Emily,Campbell,emily.campbell@gmail.com,(171) 602-2990,276
12,Tyler,Miller,tyler.miller@gmail.com,(515) 320-9165,277
13,Brandon,Lopez,brandon.lopez@gmail.com,(762) 227-1989,278
14,Scott,Davis,scott.davis@gmail.com,(337) 827-1599,279
15,Amanda,Hill,amanda.hill@foxmail.com,(758) 230-7755,280
16,Charles,Mitchell,charles.mitchell@gmail.com,(449) 999-3370,281
17,Tiffany,Wright,tiffany.wright@gmail.com,(585) 281-9254,282
18,Kevin,Torres,kevin.torres@foxmail.com,(751) 425-7670,283
19,Nicole,Mitchell,nicole.mitchell@foxmail.com,(208) 115-4266,284
20,Christine,Stewart,christine.stewart@foxmail.com,(186) 325-2133,285
21,Eric,Roberts,eric.roberts@foxmail.com,(987) 139-2206,286
22,Rachel,King,rachel.king@gmail.com,(436) 908-1576,287
23,Heather,Rivera,heather.rivera@gmail.com,(477) 174-2453,288
24,Joshua,Roberts,joshua.roberts@foxmail.com,(499) 279-1988,289
25,David,Lewis,david.lewis@gmail.com,(550) 467-4093,290
26,Christine,Rogers,christine.rogers@gmail.com,(858) 566-6049,291
27,Patrick,Nguyen,patrick.nguyen@foxmail.com,(382) 477-8426,292
28,Angela,Murphy,angela.murphy@foxmail.com,(717) 210-1704,293
29,Michael,Reed,michael.reed@foxmail.com,(556) 670-9024,294
30,Steven,Smith,steven.smith@gmail.com,(716) 354-3986,295
31,Thomas,Edwards,thomas.edwards@gmail.com,(304) 112-1327,296
32,Megan,Torres,megan.torres@foxmail.com,(441) 754-2645,297
33,Kimberly,Williams,kimberly.williams@foxmail.com,(427) 145-7606,298
34,Mark,Evans,mark.evans@gmail.com,(976) 566-1017,299
35,Brittany,Stewart,brittany.stewart@gmail.com,(989) 440-4077,300
36,Olivia,Stewart,olivia.stewart@foxmail.com,(362) 659-5313,301
37,Kenneth,Evans,kenneth.evans@foxmail.com,(699) 981-6902,302
38,Sarah,Lopez,sarah.lopez@foxmail.com,(397) 731-1755,303
39,Emily,Martinez,emily.martinez@gmail.com,(876) 512-6292,304
40,Daniel,Phillips,daniel.phillips@gmail.com,(737) 503-4779,305
41,Thomas,Lopez,thomas.lopez@foxmail.com,(796) 502-1869,306
42,Nicole,Nelson,nicole.nelson@gmail.com,(633) 530-7062,307
43,Kevin,Thompson,kevin.thompson@gmail.com,(764) 352-4739,308
44,Charles,Ward,charles.ward@foxmail.com,(191) 886-1784,309
45,Kevin,King,kevin.king@gmail.com,(694) 882-6794,310
46,Brandon,Wilson,brandon.wilson@foxmail.com,(170) 327-1216,311
47,Jeffrey,Bailey,jeffrey.bailey@foxmail.com,(624) 350-6426,312
48,Tyler,Nelson,tyler.nelson@foxmail.com,(148) 465-9966,313
49,Tiffany,Baker,tiffany.baker@foxmail.com,(895) 218-3000,314
50,Paul,Campbell,paul.campbell@gmail.com,(281) 567-4608,315
51,Melissa,Bailey,melissa.bailey@gmail.com,(655) 528-7811,316
52,Laura,Baker,laura.baker@foxmail.com,(761) 380-4692,317
53,Christine,King,christine.king@gmail.com,(196) 939-5865,318
54,Heather,Morris,heather.morris@foxmail.com,(655) 322-7969,319
55,Christopher,Allen,christopher.allen@foxmail.com,(961) 945-2061,320
56,Kenneth,Lopez,kenneth.lopez@foxmail.com,(255) 972-9331,321
57,Joseph,Morgan,joseph.morgan@foxmail.com,(525) 287-5775,322
58,Laura,Stewart,laura.stewart@foxmail.com,(734) 494-2657,323
59,Michael,Scott,michael.scott@gmail.com,(863) 713-1248,324
60,Charles,Davis,charles.davis@foxmail.com,(247) 857-9957,325
61,Richard,Brown,richard.brown@foxmail.com,(950) 818-2195,326
62,Ronald,Clark,ronald.clark@foxmail.com,(810) 927-6922,327
63,Sarah,Williams,sarah.williams@foxmail.com,(263) 832-5129,328
64,Jessica,Gomez,jessica.gomez@foxmail.com,(327) 482-2796,329
65,Kenneth,Brown,kenneth.brown@foxmail.com,(378) 916-5892,330
66,Kevin,Collins,kevin.collins@foxmail.com,(533) 106-6415,331
67,Brian,King,brian.king@gmail.com,(426) 271-1592,332
68,Tiffany,Ramirez,tiffany.ramirez@gmail.com,(280) 558-8614,333
69,Daniel,Turner,daniel.turner@foxmail.com,(598) 693-6526,334
70,Kevin,Gonzalez,kevin.gonzalez@foxmail.com,(705) 152-9658,335
71,Kimberly,Johnson,kimberly.johnson@foxmail.com,(494) 149-2306,336
72,Heather,Torres,heather.torres@gmail.com,(784) 214-1121,337
73,Christopher,Parker,christopher.parker@foxmail.com,(445) 839-8607,338
74,Patrick,Howard,patrick.howard@foxmail.com,(944) 228-2274,339
75,Michelle,Green,michelle.green@foxmail.com,(501) 957-2544,340
76,Ronald,Torres,ronald.torres@foxmail.com,(743) 325-8741,341
77,Laura,Smith,laura.smith@foxmail.com,(956) 727-6094,342
78,Jessica,Walker,jessica.walker@gmail.com,(425) 508-7809,343
79,Christine,Turner,christine.turner@foxmail.com,(395) 866-7938,344
80,Brittany,Ward,brittany.ward@gmail.com,(696) 159-4569,345
81,Emily,Murphy,emily.murphy@gmail.com,(945) 297-9801,346
82,Jane,Brown,jane.brown@foxmail.com,(589) 101-1580,347
83,Tiffany,Moore,tiffany.moore@foxmail.com,(583) 345-2850,348
84,Angela,Campbell,angela.campbell@foxmail.com,(327) 684-5237,349
85,Daniel,Howard,daniel.howard@foxmail.com,(845) 829-6203,350
86,Christina,Walker,christina.walker@gmail.com,(866) 111-8055,351
87,Anthony,Carter,anthony.carter@foxmail.com,(325) 842-2477,352
88,Eric,Baker,eric.baker@gmail.com,(429) 150-5148,353
89,Stephanie,Young,stephanie.young@foxmail.com,(704) 896-8100,354
90,Eric,Stewart,eric.stewart@foxmail.com,(662) 295-8453,355
91,Laura,Roberts,laura.roberts@foxmail.com,(306) 715-2107,356
92,Robert,Allen,robert.allen@foxmail.com,(904) 260-9643,357
93,Joseph,Murphy,joseph.murphy@foxmail.com,(817) 834-2872,358
94,Michelle,Hall,michelle.hall@foxmail.com,(472) 763-6386,359
